110.jpg,9,https://final-datasets1.s3.amazonaws.com/36a1e024023a4b79b3ed095ce564d9a4?response-content-type=image%2Fjpg&AWSAccessKeyId=AKIAZS6EJ2S5LXS2KDOC&Signature=3flxSQpoR%2F2yFNTLODYniig%2FaXY%3D&Expires=1720242944
116.jpg,9,https://final-datasets1.s3.amazonaws.com/f5f465f7ebde4e4e83a35390e46c84b3?response-content-type=image%2Fjpg&AWSAccessKeyId=AKIAZS6EJ2S5LXS2KDOC&Signature=h%2B3%2BNZRvkTuA4DpmS9yg23mhE8w%3D&Expires=1720242944
133.jpg,9,https://final-datasets1.s3.amazonaws.com/70ee52239ec0497eab49128ab9189007?response-content-type=image%2Fjpg&AWSAccessKeyId=AKIAZS6EJ2S5LXS2KDOC&Signature=q%2BMkgSQt%2FCKoI4noC7RL4e%2FBR6I%3D&Expires=1720242944
153.jpg,9,https://final-datasets1.s3.amazonaws.com/4a35d0b79b854b09b40d8a05eff24f87?response-content-type=image%2Fjpg&AWSAccessKeyId=AKIAZS6EJ2S5LXS2KDOC&Signature=VqwX4hW4FwMz0fFEqcq8%2B%2FCpo1M%3D&Expires=1720242944
154.jpg,9,https://final-datasets1.s3.amazonaws.com/f40c158bcf2c4e618f658374057ab174?response-content-type=image%2Fjpg&AWSAccessKeyId=AKIAZS6EJ2S5LXS2KDOC&Signature=%2BfGDTbj%2FxrGQKKZfBNGmFhG%2Fg9o%3D&Expires=1720242944
162.jpg,9,https://final-datasets1.s3.amazonaws.com/8020d76c5195455ca9aa1495b6ffa691?response-content-type=image%2Fjpg&AWSAccessKeyId=AKIAZS6EJ2S5LXS2KDOC&Signature=80pE2EDVrL1t15EGgaJ4NcyCIw4%3D&Expires=1720242944
167.jpg,9,https://final-datasets1.s3.amazonaws.com/9502b8fe9f834f998f17c3b0b07a9d32?response-content-type=image%2Fjpg&AWSAccessKeyId=AKIAZS6EJ2S5LXS2KDOC&Signature=OQrxb9Tt2zXnNbncNd2PoaIXgRg%3D&Expires=1720242944
170.jpg,9,https://final-datasets1.s3.amazonaws.com/d78d5983f8064d7197c31718357cac36?response-content-type=image%2Fjpg&AWSAccessKeyId=AKIAZS6EJ2S5LXS2KDOC&Signature=tLq%2FCSZVvUb2jSt3dIJUaHotFEI%3D&Expires=1720242944
172.jpg,9,https://final-datasets1.s3.amazonaws.com/2f53d9df26f646678cbb90513587986c?response-content-type=image%2Fjpg&AWSAccessKeyId=AKIAZS6EJ2S5LXS2KDOC&Signature=EbO0ZESdQcgChh26BAggsF%2F%2B%2Fm4%3D&Expires=1720242944
176.jpg,9,https://final-datasets1.s3.amazonaws.com/bbdedb16d36c49fbb3a7f44d3be90d53?response-content-type=image%2Fjpg&AWSAccessKeyId=AKIAZS6EJ2S5LXS2KDOC&Signature=NVDkCqk4QhfrrRKDrHr6nkFlvVY%3D&Expires=1720242944
183.jpg,9,https://final-datasets1.s3.amazonaws.com/a5e0392e1e6b40c49416f7f7d9084a8f?response-content-type=image%2Fjpg&AWSAccessKeyId=AKIAZS6EJ2S5LXS2KDOC&Signature=lNwbft1qH1%2BH24WZanBtCPHEMg0%3D&Expires=1720242944
19.jpg,9,https://final-datasets1.s3.amazonaws.com/b54ecc350be04cc499f93dd146aa2e71?response-content-type=image%2Fjpg&AWSAccessKeyId=AKIAZS6EJ2S5LXS2KDOC&Signature=w3XDgrqckUwmChSHgbxo6i6DS00%3D&Expires=1720242944
195.jpg,9,https://final-datasets1.s3.amazonaws.com/a306771c7f224af09d086c406e330a34?response-content-type=image%2Fjpg&AWSAccessKeyId=AKIAZS6EJ2S5LXS2KDOC&Signature=kAX5risYl92mYGLxmIw9LRnMLP0%3D&Expires=1720242944
22.jpg,9,https://final-datasets1.s3.amazonaws.com/b85a8041d1a2478b9b35655786fb4f2c?response-content-type=image%2Fjpg&AWSAccessKeyId=AKIAZS6EJ2S5LXS2KDOC&Signature=peeIkcc8Aabyb%2BWLJxf55mFP85A%3D&Expires=1720242944
226.jpg,9,https://final-datasets1.s3.amazonaws.com/b9e416c465da4cbabce47f412489fb6c?response-content-type=image%2Fjpg&AWSAccessKeyId=AKIAZS6EJ2S5LXS2KDOC&Signature=zZFM34GFR18uzBxX%2F1nMaDWKbSM%3D&Expires=1720242944
33.jpg,9,https://final-datasets1.s3.amazonaws.com/471e08a8c84442098b5999be6ccb575d?response-content-type=image%2Fjpg&AWSAccessKeyId=AKIAZS6EJ2S5LXS2KDOC&Signature=VjZ4xDMRa8%2Be0QmyY2Rg8WTpM%2BA%3D&Expires=1720242944
4.jpg,9,https://final-datasets1.s3.amazonaws.com/0e70d694addd45838e20a0819debb6e8?response-content-type=image%2Fjpg&AWSAccessKeyId=AKIAZS6EJ2S5LXS2KDOC&Signature=NOYV0qsgQPl%2BmeaFhmxcbUX4CTg%3D&Expires=1720242944
43.jpg,9,https://final-datasets1.s3.amazonaws.com/5094e4b14b7d4a258a82174e1844b571?response-content-type=image%2Fjpg&AWSAccessKeyId=AKIAZS6EJ2S5LXS2KDOC&Signature=qic41vjwNsKl31KOBMuJ1m7MKcc%3D&Expires=1720242944
45.jpg,9,https://final-datasets1.s3.amazonaws.com/e8bcd51c47c94983a9412d9b52ece96e?response-content-type=image%2Fjpg&AWSAccessKeyId=AKIAZS6EJ2S5LXS2KDOC&Signature=JOXDXiHZo9ZtyCHkTZmUYR6Lvf8%3D&Expires=1720242944
48.jpg,9,https://final-datasets1.s3.amazonaws.com/0df5115cb8fb4b43bc3c15b8d417e32b?response-content-type=image%2Fjpg&AWSAccessKeyId=AKIAZS6EJ2S5LXS2KDOC&Signature=dYsFNxlnA%2FYFewuc14zHA9Rp4Tg%3D&Expires=1720242944
54.jpg,9,https://final-datasets1.s3.amazonaws.com/fe4ce8ca8c8044e986a9ef6ff43be97a?response-content-type=image%2Fjpg&AWSAccessKeyId=AKIAZS6EJ2S5LXS2KDOC&Signature=6s%2BHVRTZ%2F9fR62aYxtWbTvt%2BFSw%3D&Expires=1720242944
57.jpg,9,https://final-datasets1.s3.amazonaws.com/7b997701203248b4803111e46b598122?response-content-type=image%2Fjpg&AWSAccessKeyId=AKIAZS6EJ2S5LXS2KDOC&Signature=qJDwiWj2B7lg6wPd1nnUvV6sb08%3D&Expires=1720242944
80.jpg,9,https://final-datasets1.s3.amazonaws.com/193dc07f2c054c4c81a3234874fc0144?response-content-type=image%2Fjpg&AWSAccessKeyId=AKIAZS6EJ2S5LXS2KDOC&Signature=UMUgjwYvpWJh%2B3m5dr96CAkefRA%3D&Expires=1720242944
87.jpg,9,https://final-datasets1.s3.amazonaws.com/92b88f067a1e43419c0bf6db8cd32c68?response-content-type=image%2Fjpg&AWSAccessKeyId=AKIAZS6EJ2S5LXS2KDOC&Signature=RStnVYNXn%2B7y9%2F7rsGx%2BMiS25m8%3D&Expires=1720242944
125.jpg,8,https://final-datasets1.s3.amazonaws.com/25f6ed4714f3457ab03915067c65b3bc?response-content-type=image%2Fjpg&AWSAccessKeyId=AKIAZS6EJ2S5LXS2KDOC&Signature=htNzj8J13Tz%2FEFMMejfQm3VAgNA%3D&Expires=1720242944
137.jpg,8,https://final-datasets1.s3.amazonaws.com/77ddd65f0c3d40a38871413097446c48?response-content-type=image%2Fjpg&AWSAccessKeyId=AKIAZS6EJ2S5LXS2KDOC&Signature=SckGybDNC%2FPfk%2BXrFtweDNSFJL4%3D&Expires=1720242944
144.jpg,8,https://final-datasets1.s3.amazonaws.com/4853aac3e3fc44189b9c83e6a6467b24?response-content-type=image%2Fjpg&AWSAccessKeyId=AKIAZS6EJ2S5LXS2KDOC&Signature=CWUalQlIZTP5MvGpKNRXgO5O4T8%3D&Expires=1720242944
146.jpg,8,https://final-datasets1.s3.amazonaws.com/1d162573f81f403088c2d836fbc3a0a7?response-content-type=image%2Fjpg&AWSAccessKeyId=AKIAZS6EJ2S5LXS2KDOC&Signature=BdZl9lC3aOuXZcu4q9tcwKejbLQ%3D&Expires=1720242944
160.jpg,8,https://final-datasets1.s3.amazonaws.com/7aee38b9ab9f464b83e84b96af431a0c?response-content-type=image%2Fjpg&AWSAccessKeyId=AKIAZS6EJ2S5LXS2KDOC&Signature=gK5eswQ1nqGfMdObnyxmjHAMpkI%3D&Expires=1720242944
17.jpg,8,https://final-datasets1.s3.amazonaws.com/ed135f357ad54b14b2eb03fa7adb2989?response-content-type=image%2Fjpg&AWSAccessKeyId=AKIAZS6EJ2S5LXS2KDOC&Signature=gZJiJ%2BjWL0Vg%2FMZMQnH0Qbwwap0%3D&Expires=1720242944
188.jpg,8,https://final-datasets1.s3.amazonaws.com/cb6f8dbc8bb149ac99faa7393203b088?response-content-type=image%2Fjpg&AWSAccessKeyId=AKIAZS6EJ2S5LXS2KDOC&Signature=qMUG1W2qvCzRcYyOgV1kGPsFhWw%3D&Expires=1720242944
197.jpg,8,https://final-datasets1.s3.amazonaws.com/9f62c4b08f2b462c9d2e67f9aa7d39a4?response-content-type=image%2Fjpg&AWSAccessKeyId=AKIAZS6EJ2S5LXS2KDOC&Signature=1w28MUMpfwxTXtcsVZSEhOuUnlQ%3D&Expires=1720242944
202.jpg,8,https://final-datasets1.s3.amazonaws.com/737b240a652347c8891e3cf4b792445e?response-content-type=image%2Fjpg&AWSAccessKeyId=AKIAZS6EJ2S5LXS2KDOC&Signature=vLY7H1wm0fIDD44IbPdPQareIYk%3D&Expires=1720242944
225.jpg,8,https://final-datasets1.s3.amazonaws.com/883102ed71f44ed689311f93333b575e?response-content-type=image%2Fjpg&AWSAccessKeyId=AKIAZS6EJ2S5LXS2KDOC&Signature=qdd4E%2FvmPF56bl5eBPM56%2FQHtBk%3D&Expires=1720242944
240.jpg,8,https://final-datasets1.s3.amazonaws.com/e30ff483b1994f6cac168c173c2bf39d?response-content-type=image%2Fjpg&AWSAccessKeyId=AKIAZS6EJ2S5LXS2KDOC&Signature=5%2BdSDKdl6%2FGrdbD3qxB9tJXd%2FwA%3D&Expires=1720242944
245.jpg,8,https://final-datasets1.s3.amazonaws.com/90f843051e6748ba9a9a8d5b3ba5631d?response-content-type=image%2Fjpg&AWSAccessKeyId=AKIAZS6EJ2S5LXS2KDOC&Signature=674Vxa2oZX8wTYkadPqNy3fz5mM%3D&Expires=1720242944
265.jpg,8,https://final-datasets1.s3.amazonaws.com/99d7e670204b46f5bf0d187cfeaae507?response-content-type=image%2Fjpg&AWSAccessKeyId=AKIAZS6EJ2S5LXS2KDOC&Signature=1PSb5Bdz9L%2BsfDrXJgtaP6eAGlI%3D&Expires=1720242944
295.jpg,8,https://final-datasets1.s3.amazonaws.com/a0c2d72f683d493d82384c2a6cbeca77?response-content-type=image%2Fjpg&AWSAccessKeyId=AKIAZS6EJ2S5LXS2KDOC&Signature=sU49qPGZKtEWOAvPRglw4zJV02U%3D&Expires=1720242944
300.jpg,8,https://final-datasets1.s3.amazonaws.com/b7cb7cd23a334ef48c935ccb3152b2c3?response-content-type=image%2Fjpg&AWSAccessKeyId=AKIAZS6EJ2S5LXS2KDOC&Signature=MMWSsh6f5XQhMmUGqLymIdF2GOM%3D&Expires=1720242944
31.jpg,8,https://final-datasets1.s3.amazonaws.com/9f9a2e57ad1b45ba872122431d400be0?response-content-type=image%2Fjpg&AWSAccessKeyId=AKIAZS6EJ2S5LXS2KDOC&Signature=q91ThDsquaCEkiqtq6JxVodpdu0%3D&Expires=1720242944
312.jpg,8,https://final-datasets1.s3.amazonaws.com/c36858cd54e54a758c3e8eb001266af6?response-content-type=image%2Fjpg&AWSAccessKeyId=AKIAZS6EJ2S5LXS2KDOC&Signature=PMoPn1Ps990SHS3tyDcjuqVyUqs%3D&Expires=1720242944
333.jpg,8,https://final-datasets1.s3.amazonaws.com/6ba8a4d8d4bc40e09fff54547005f7ef?response-content-type=image%2Fjpg&AWSAccessKeyId=AKIAZS6EJ2S5LXS2KDOC&Signature=LFHyD62thi2IsgssXckSLMVUaV4%3D&Expires=1720242944
41.jpg,8,https://final-datasets1.s3.amazonaws.com/d0b9826f315a49ceae5827bb6b3519cb?response-content-type=image%2Fjpg&AWSAccessKeyId=AKIAZS6EJ2S5LXS2KDOC&Signature=IvANhZva6kW8YCeY86BHAgirVJM%3D&Expires=1720242944
46.jpg,8,https://final-datasets1.s3.amazonaws.com/d24b284a847740159ab6d1bf9c703264?response-content-type=image%2Fjpg&AWSAccessKeyId=AKIAZS6EJ2S5LXS2KDOC&Signature=u57sSBxqBPFXASMESUOjLsBJWAg%3D&Expires=1720242944
55.jpg,8,https://final-datasets1.s3.amazonaws.com/3dc70e233d444ae8985101d985bba76a?response-content-type=image%2Fjpg&AWSAccessKeyId=AKIAZS6EJ2S5LXS2KDOC&Signature=Lf4UNRwx9srpSBUIAQEE96BUP80%3D&Expires=1720242944
85.jpg,8,https://final-datasets1.s3.amazonaws.com/9af508e5cdc740a5a75dc24c4e8c0f60?response-content-type=image%2Fjpg&AWSAccessKeyId=AKIAZS6EJ2S5LXS2KDOC&Signature=vIm0Rk%2BuAU5DENlAdG19TAmyKvc%3D&Expires=1720242944
94.jpg,8,https://final-datasets1.s3.amazonaws.com/6004623baf3248e89e04c4cf1c43a182?response-content-type=image%2Fjpg&AWSAccessKeyId=AKIAZS6EJ2S5LXS2KDOC&Signature=m0pW8INVFdknTWTHQ2R4zVvw3Jw%3D&Expires=1720242944
97.jpg,8,https://final-datasets1.s3.amazonaws.com/f01de22aaf7f45a88a202d06d0c704c3?response-content-type=image%2Fjpg&AWSAccessKeyId=AKIAZS6EJ2S5LXS2KDOC&Signature=KDj2Qw42kJeC3WK6wWLgc0D%2Fbwg%3D&Expires=1720242944
101.jpg,7,https://final-datasets1.s3.amazonaws.com/45d29474f80548889df3a552251033f4?response-content-type=image%2Fjpg&AWSAccessKeyId=AKIAZS6EJ2S5LXS2KDOC&Signature=m8odXhrohG3ya5fDe%2BZWfdwnghc%3D&Expires=1720242944
103.jpg,7,https://final-datasets1.s3.amazonaws.com/dae7c8124fd040669182751ab9554c9b?response-content-type=image%2Fjpg&AWSAccessKeyId=AKIAZS6EJ2S5LXS2KDOC&Signature=oFUomFnmT4fiU2zgeTVTAa1bx7s%3D&Expires=1720242944
123.jpg,7,https://final-datasets1.s3.amazonaws.com/43b0684e9e2d455886aa48923e329d26?response-content-type=image%2Fjpg&AWSAccessKeyId=AKIAZS6EJ2S5LXS2KDOC&Signature=p%2FSPsosUamwueBJr4mu7%2BggQARI%3D&Expires=1720242944
140.jpg,7,https://final-datasets1.s3.amazonaws.com/9ef8cc982fce4596af4704a469ef6575?response-content-type=image%2Fjpg&AWSAccessKeyId=AKIAZS6EJ2S5LXS2KDOC&Signature=3%2F1owe%2BTtflkM45bmL1uV0vW1Ks%3D&Expires=1720242944
141.jpg,7,https://final-datasets1.s3.amazonaws.com/1d34426b03f3454092a68ee17b5a6ade?response-content-type=image%2Fjpg&AWSAccessKeyId=AKIAZS6EJ2S5LXS2KDOC&Signature=x5A1RlTAbLw6CDKI48a4leA1oOM%3D&Expires=1720242944
148.jpg,7,https://final-datasets1.s3.amazonaws.com/25e16af0f2354001b73607fff3a86e65?response-content-type=image%2Fjpg&AWSAccessKeyId=AKIAZS6EJ2S5LXS2KDOC&Signature=8HYdXED4Mw7Y1dtUSUEAlvTy%2FsQ%3D&Expires=1720242944
15.jpg,7,https://final-datasets1.s3.amazonaws.com/adde48423ce84d3cbfca7ff8713ba6f2?response-content-type=image%2Fjpg&AWSAccessKeyId=AKIAZS6EJ2S5LXS2KDOC&Signature=SQGiwMO5PdRLJ6rgbf1EpGiN3Zs%3D&Expires=1720242944
158.jpg,7,https://final-datasets1.s3.amazonaws.com/5a2f7008a1c5458bbe839d205f7ad8ae?response-content-type=image%2Fjpg&AWSAccessKeyId=AKIAZS6EJ2S5LXS2KDOC&Signature=G8l765rg7XgJq0XoyOXf2dA%2BOIM%3D&Expires=1720242944
168.jpg,7,https://final-datasets1.s3.amazonaws.com/ff76c936f57e4b27810968e9d446fbfb?response-content-type=image%2Fjpg&AWSAccessKeyId=AKIAZS6EJ2S5LXS2KDOC&Signature=yZw%2FcX74x7iqvscHq5uPZHz%2BIgk%3D&Expires=1720242944
185.jpg,7,https://final-datasets1.s3.amazonaws.com/e128185afae34ef6a69d6b0a128ddea9?response-content-type=image%2Fjpg&AWSAccessKeyId=AKIAZS6EJ2S5LXS2KDOC&Signature=ZgSYAwVdmtp6M%2FsfmzrOzEYkrFY%3D&Expires=1720242944
193.jpg,7,https://final-datasets1.s3.amazonaws.com/633f8b51657d49ca94b528c0aca05007?response-content-type=image%2Fjpg&AWSAccessKeyId=AKIAZS6EJ2S5LXS2KDOC&Signature=udjcfUIn2dsuwfe0P4kuDcQMsHw%3D&Expires=1720242944
196.jpg,7,https://final-datasets1.s3.amazonaws.com/53013be0dc1040c1a21dbf5264c6451f?response-content-type=image%2Fjpg&AWSAccessKeyId=AKIAZS6EJ2S5LXS2KDOC&Signature=Y7siSgqP4pWdiUF9MRpj3jJ4%2F%2B4%3D&Expires=1720242944
212.jpg,7,https://final-datasets1.s3.amazonaws.com/93f7262929d4475e8ced983450c9d0d3?response-content-type=image%2Fjpg&AWSAccessKeyId=AKIAZS6EJ2S5LXS2KDOC&Signature=jtJRfwiPNmyPY5imNidGonzqglQ%3D&Expires=1720242944
214.jpg,7,https://final-datasets1.s3.amazonaws.com/6e8f9bcf85af41d7b3562d024720797a?response-content-type=image%2Fjpg&AWSAccessKeyId=AKIAZS6EJ2S5LXS2KDOC&Signature=I21jQjEg6pZdjETFWR%2FxC3nB0Lc%3D&Expires=1720242944
223.jpg,7,https://final-datasets1.s3.amazonaws.com/88a4c0dec5774a7f976b832c035f954d?response-content-type=image%2Fjpg&AWSAccessKeyId=AKIAZS6EJ2S5LXS2KDOC&Signature=VnPSB%2FD%2BXrHcdcKYnP%2FJ849PoMA%3D&Expires=1720242944
29.jpg,7,https://final-datasets1.s3.amazonaws.com/74c0fbbf10c74470bb2e4a5125140b50?response-content-type=image%2Fjpg&AWSAccessKeyId=AKIAZS6EJ2S5LXS2KDOC&Signature=c%2BlFAm7%2BBpur1xY3qN3QmLqwjkA%3D&Expires=1720242944
38.jpg,7,https://final-datasets1.s3.amazonaws.com/a4b936a833ee42f28efa93114725675f?response-content-type=image%2Fjpg&AWSAccessKeyId=AKIAZS6EJ2S5LXS2KDOC&Signature=fbNkN7w14yl4RK2QcKWrV1OhU5s%3D&Expires=1720242944
42.jpg,7,https://final-datasets1.s3.amazonaws.com/d7eabcd79c8a449f984844bfae6b380f?response-content-type=image%2Fjpg&AWSAccessKeyId=AKIAZS6EJ2S5LXS2KDOC&Signature=vUAjR8wPIH%2B%2BASU6caocJkybXBw%3D&Expires=1720242944
52.jpg,7,https://final-datasets1.s3.amazonaws.com/a204ab759efb4412ab992d5036642002?response-content-type=image%2Fjpg&AWSAccessKeyId=AKIAZS6EJ2S5LXS2KDOC&Signature=TuFotsjhCGUtLR7OmoWLzyPZwRk%3D&Expires=1720242944
71.jpg,7,https://final-datasets1.s3.amazonaws.com/4cd73705ef634a7da2883701bea9e1ac?response-content-type=image%2Fjpg&AWSAccessKeyId=AKIAZS6EJ2S5LXS2KDOC&Signature=4Rz2eBS50LMaCf4EnIcq42hx498%3D&Expires=1720242944
79.jpg,7,https://final-datasets1.s3.amazonaws.com/abfb3b2291c347ffb4d7afed6256490c?response-content-type=image%2Fjpg&AWSAccessKeyId=AKIAZS6EJ2S5LXS2KDOC&Signature=xmTre2U0P1Iaf2hOqsLp2Wr1YXc%3D&Expires=1720242944
84.jpg,7,https://final-datasets1.s3.amazonaws.com/0d56fc839ef24310b87512fef8d2d5cb?response-content-type=image%2Fjpg&AWSAccessKeyId=AKIAZS6EJ2S5LXS2KDOC&Signature=mOr3tB0fM%2FxYuKKgE7z6SOsE%2BWM%3D&Expires=1720242944
91.jpg,7,https://final-datasets1.s3.amazonaws.com/49e0a84576e44e8f950cca6f1301ea6e?response-content-type=image%2Fjpg&AWSAccessKeyId=AKIAZS6EJ2S5LXS2KDOC&Signature=rLTsT5E%2B5dQD7HWOkjQN1AehjBk%3D&Expires=1720242944
96.jpg,7,https://final-datasets1.s3.amazonaws.com/2362255a54cc4403b73a8fe5312c5a73?response-content-type=image%2Fjpg&AWSAccessKeyId=AKIAZS6EJ2S5LXS2KDOC&Signature=jWawDS%2Boy3Vh6B16msfcwQjT0tQ%3D&Expires=1720242944
106.jpg,6,https://final-datasets1.s3.amazonaws.com/bd63aa9af6db489ebd6d71f44f8fd3ab?response-content-type=image%2Fjpg&AWSAccessKeyId=AKIAZS6EJ2S5LXS2KDOC&Signature=0Eb0i50cm3rXdOlFCvZEkksbJOw%3D&Expires=1720242944
126.jpg,6,https://final-datasets1.s3.amazonaws.com/9127b56d33df4d66aa2761961f75efe6?response-content-type=image%2Fjpg&AWSAccessKeyId=AKIAZS6EJ2S5LXS2KDOC&Signature=DqDhWRjwfBNvefPasPUVaLVsN00%3D&Expires=1720242944
129.jpg,6,https://final-datasets1.s3.amazonaws.com/0165a0995dfb4e34aadcd98f5be47f65?response-content-type=image%2Fjpg&AWSAccessKeyId=AKIAZS6EJ2S5LXS2KDOC&Signature=lBm0KPOOD4papxF47NBLoDWZy70%3D&Expires=1720242944
13.jpg,6,https://final-datasets1.s3.amazonaws.com/2c699adb07594dab9dfc0e0937008060?response-content-type=image%2Fjpg&AWSAccessKeyId=AKIAZS6EJ2S5LXS2KDOC&Signature=k3LU%2Bauj8STr%2BfenoUGgw26NOwI%3D&Expires=1720242944
147.jpg,6,https://final-datasets1.s3.amazonaws.com/3cc776a9d5c940a9b5fb0c15faedcaee?response-content-type=image%2Fjpg&AWSAccessKeyId=AKIAZS6EJ2S5LXS2KDOC&Signature=uPdImGGLe4f2o7%2BvQGrt2ny58%2Bs%3D&Expires=1720242944
151.jpg,6,https://final-datasets1.s3.amazonaws.com/4e531c9378544796a7fdfb8d3d73348a?response-content-type=image%2Fjpg&AWSAccessKeyId=AKIAZS6EJ2S5LXS2KDOC&Signature=1dYDbUo4aw8WTwtYfNY6n65xMBc%3D&Expires=1720242944
155.jpg,6,https://final-datasets1.s3.amazonaws.com/2873aa7bb9d54cf8a007804604eb3e52?response-content-type=image%2Fjpg&AWSAccessKeyId=AKIAZS6EJ2S5LXS2KDOC&Signature=KtHzxePh5RjLIgO1u7i3W%2BKTnrc%3D&Expires=1720242944
165.jpg,6,https://final-datasets1.s3.amazonaws.com/c0b1c11d8b8d4d13a7928cdb96d7114b?response-content-type=image%2Fjpg&AWSAccessKeyId=AKIAZS6EJ2S5LXS2KDOC&Signature=ovKQmMAXr99GsD2kxtePw6iCOgo%3D&Expires=1720242944
18.jpg,6,https://final-datasets1.s3.amazonaws.com/38ee0516c49a4a7996349e15dff0df75?response-content-type=image%2Fjpg&AWSAccessKeyId=AKIAZS6EJ2S5LXS2KDOC&Signature=Nc9asYN9RpUbB%2Bjs72ueOCL94e0%3D&Expires=1720242944
186.jpg,6,https://final-datasets1.s3.amazonaws.com/4e814a8b92c7450cbccefff1d88d3dda?response-content-type=image%2Fjpg&AWSAccessKeyId=AKIAZS6EJ2S5LXS2KDOC&Signature=Ar7ZlfLT32pxV0X65LX01KWeREQ%3D&Expires=1720242944
204.jpg,6,https://final-datasets1.s3.amazonaws.com/bc9e3e1be84d4f14bbdd91496570168b?response-content-type=image%2Fjpg&AWSAccessKeyId=AKIAZS6EJ2S5LXS2KDOC&Signature=Sv2FLsR8ZEeBgfsHERYeHGtiMKk%3D&Expires=1720242944
218.jpg,6,https://final-datasets1.s3.amazonaws.com/fc2ff0cb55cc42d4a026c774ca35adc6?response-content-type=image%2Fjpg&AWSAccessKeyId=AKIAZS6EJ2S5LXS2KDOC&Signature=yCbRDVM7j86z1eAoJjJ6KJehqfI%3D&Expires=1720242944
221.jpg,6,https://final-datasets1.s3.amazonaws.com/765eca9dd5294cb2a327f080f9ecd37c?response-content-type=image%2Fjpg&AWSAccessKeyId=AKIAZS6EJ2S5LXS2KDOC&Signature=425KoY1MTSVzQMC%2Bw6lJQAC%2FqlE%3D&Expires=1720242944
238.jpg,6,https://final-datasets1.s3.amazonaws.com/cb4a86b3b3dc4194a7eabb90cc8ace36?response-content-type=image%2Fjpg&AWSAccessKeyId=AKIAZS6EJ2S5LXS2KDOC&Signature=K33ZvlMdhgoPmKCJHSfobzj2p00%3D&Expires=1720242944
241.jpg,6,https://final-datasets1.s3.amazonaws.com/0a9cd4e4dfa443b4b9ee4ed06f7c63e8?response-content-type=image%2Fjpg&AWSAccessKeyId=AKIAZS6EJ2S5LXS2KDOC&Signature=3Oa1%2B2KiSEjdoeyF3pJcSVL3iKU%3D&Expires=1720242944
32.jpg,6,https://final-datasets1.s3.amazonaws.com/d85f21aa700b47689f0bf1493e0554ea?response-content-type=image%2Fjpg&AWSAccessKeyId=AKIAZS6EJ2S5LXS2KDOC&Signature=cUEosQcbvcq86bSvg9FKjyYTcxU%3D&Expires=1720242944
36.jpg,6,https://final-datasets1.s3.amazonaws.com/6c69cfbef33b4279a28056b5b12913fa?response-content-type=image%2Fjpg&AWSAccessKeyId=AKIAZS6EJ2S5LXS2KDOC&Signature=90%2BHOtO3dicZQ3wJbp0joiqD1%2B8%3D&Expires=1720242944
39.jpg,6,https://final-datasets1.s3.amazonaws.com/2c8d6ce43095484eaf32814f950f9960?response-content-type=image%2Fjpg&AWSAccessKeyId=AKIAZS6EJ2S5LXS2KDOC&Signature=RPqhiVzEvUSxZad4oLAm65kVgfk%3D&Expires=1720242944
62.jpg,6,https://final-datasets1.s3.amazonaws.com/5daa57bf30c34ece8207f87570ced336?response-content-type=image%2Fjpg&AWSAccessKeyId=AKIAZS6EJ2S5LXS2KDOC&Signature=JgR2D%2BEhcKsVxpttOMaiwgCfgIo%3D&Expires=1720242944
66.jpg,6,https://final-datasets1.s3.amazonaws.com/59c4185724b14546b5bf82f941280241?response-content-type=image%2Fjpg&AWSAccessKeyId=AKIAZS6EJ2S5LXS2KDOC&Signature=tGADa65AmX9%2B1GVbw6W9tD3G%2Fd0%3D&Expires=1720242944
73.jpg,6,https://final-datasets1.s3.amazonaws.com/b2a48fcb763d4afd84a8ddf133db344a?response-content-type=image%2Fjpg&AWSAccessKeyId=AKIAZS6EJ2S5LXS2KDOC&Signature=TGcug5A9l90kVHi33zd0LGIhNnI%3D&Expires=1720242944
83.jpg,6,https://final-datasets1.s3.amazonaws.com/0c4b04c004ec4ad5a4e804c8f0de216e?response-content-type=image%2Fjpg&AWSAccessKeyId=AKIAZS6EJ2S5LXS2KDOC&Signature=E5aph3%2FCsolO5VZ7b%2B4XE%2FHkZzg%3D&Expires=1720242944
90.jpg,6,https://final-datasets1.s3.amazonaws.com/37d07b84ef4a4f59820a94d4afdba7d3?response-content-type=image%2Fjpg&AWSAccessKeyId=AKIAZS6EJ2S5LXS2KDOC&Signature=TvLMepw7ecZmwVUpRAyG9VrV2LI%3D&Expires=1720242944
93.jpg,6,https://final-datasets1.s3.amazonaws.com/3463f716d7b249949dc56140c7ceef35?response-content-type=image%2Fjpg&AWSAccessKeyId=AKIAZS6EJ2S5LXS2KDOC&Signature=q7qpr5Fb7kJDo%2F1d9ni4BqDoGMY%3D&Expires=1720242944
59473.jpg,5,https://final-datasets1.s3.amazonaws.com/818c88e944e042098ada2e4db9c28889?response-content-type=image%2Fjpg&AWSAccessKeyId=AKIAZS6EJ2S5LXS2KDOC&Signature=8bme%2F5mh8j6Tw%2FBfq0ydKDvGcbU%3D&Expires=1720242944
59482.jpg,5,https://final-datasets1.s3.amazonaws.com/e56fcc9058d04152a6ef76170ecf9519?response-content-type=image%2Fjpg&AWSAccessKeyId=AKIAZS6EJ2S5LXS2KDOC&Signature=FQp2KRVVdmZQ3nDVHcsXKhJETLU%3D&Expires=1720242944
59492.jpg,5,https://final-datasets1.s3.amazonaws.com/652c8cf100904fdb91bbd169df2f5d2c?response-content-type=image%2Fjpg&AWSAccessKeyId=AKIAZS6EJ2S5LXS2KDOC&Signature=p0UVtrGnqJDg%2BwZL45kKDEOVHkU%3D&Expires=1720242944
59502.jpg,5,https://final-datasets1.s3.amazonaws.com/193816f538ac43d69985f9f73efe8aee?response-content-type=image%2Fjpg&AWSAccessKeyId=AKIAZS6EJ2S5LXS2KDOC&Signature=RwA4MWzNhXu14tbkxYcxY7%2FPhqc%3D&Expires=1720242944
59507.jpg,5,https://final-datasets1.s3.amazonaws.com/c598d8c1fb1340ed84add94860bce02c?response-content-type=image%2Fjpg&AWSAccessKeyId=AKIAZS6EJ2S5LXS2KDOC&Signature=cVt6co4WohL%2FDrqD3riEgFyyh%2Bc%3D&Expires=1720242944
59525.jpg,5,https://final-datasets1.s3.amazonaws.com/b719f021c8d74f7a9aedc39c239b894b?response-content-type=image%2Fjpg&AWSAccessKeyId=AKIAZS6EJ2S5LXS2KDOC&Signature=B6l8T0eTc%2BHCKbTy%2FHzoPY8Al%2B8%3D&Expires=1720242944
59538.jpg,5,https://final-datasets1.s3.amazonaws.com/1c094057a1e04fb9b85368250b9ec109?response-content-type=image%2Fjpg&AWSAccessKeyId=AKIAZS6EJ2S5LXS2KDOC&Signature=WRTupgiIkVhK6ae0EEhncC4faH8%3D&Expires=1720242944
59546.jpg,5,https://final-datasets1.s3.amazonaws.com/507e1310f521490b81e3ad104172ef20?response-content-type=image%2Fjpg&AWSAccessKeyId=AKIAZS6EJ2S5LXS2KDOC&Signature=6h%2FCMr%2BU9JubELsmBnliTksV5j4%3D&Expires=1720242944
59553.jpg,5,https://final-datasets1.s3.amazonaws.com/b153e376a8434db5b9b089baa4e7f86c?response-content-type=image%2Fjpg&AWSAccessKeyId=AKIAZS6EJ2S5LXS2KDOC&Signature=dkPrE2KKJpXNSm3jscbiHeS9%2BVc%3D&Expires=1720242944
59563.jpg,5,https://final-datasets1.s3.amazonaws.com/c1ebab68e39541e099946d79d0cdb7a5?response-content-type=image%2Fjpg&AWSAccessKeyId=AKIAZS6EJ2S5LXS2KDOC&Signature=tdFgL9XDPne4%2BT3BXf0mxsQ8lUs%3D&Expires=1720242944
59574.jpg,5,https://final-datasets1.s3.amazonaws.com/c5ba8f96ed8143959e54ea55d6b01700?response-content-type=image%2Fjpg&AWSAccessKeyId=AKIAZS6EJ2S5LXS2KDOC&Signature=wR%2FQjifTjtlLyYyjqmPpIT8IAqE%3D&Expires=1720242944
59576.jpg,5,https://final-datasets1.s3.amazonaws.com/b5b285c9b29c4505a7be1aa00288b95d?response-content-type=image%2Fjpg&AWSAccessKeyId=AKIAZS6EJ2S5LXS2KDOC&Signature=2zeQKR6Ewf2PyTt44pL6Heq2yEM%3D&Expires=1720242944
59584.jpg,5,https://final-datasets1.s3.amazonaws.com/0a536bf0538e411e93ab7e445f2b8279?response-content-type=image%2Fjpg&AWSAccessKeyId=AKIAZS6EJ2S5LXS2KDOC&Signature=5qKqzRs89sVvAmdEOOysQwxuhVI%3D&Expires=1720242944
59590.jpg,5,https://final-datasets1.s3.amazonaws.com/846c74a559df4b82bd4c5d210ab31bf8?response-content-type=image%2Fjpg&AWSAccessKeyId=AKIAZS6EJ2S5LXS2KDOC&Signature=svg6NMcoptdbD4VuVpiVG9V6my0%3D&Expires=1720242944
59600.jpg,5,https://final-datasets1.s3.amazonaws.com/f9e42b5e0bfd4fb2a7d5556e775d8967?response-content-type=image%2Fjpg&AWSAccessKeyId=AKIAZS6EJ2S5LXS2KDOC&Signature=t8rcetPrLT7YrRaiMAO8FsRyxHc%3D&Expires=1720242944
59609.jpg,5,https://final-datasets1.s3.amazonaws.com/ac2f94ad7d4e4dee9d50285c2366464c?response-content-type=image%2Fjpg&AWSAccessKeyId=AKIAZS6EJ2S5LXS2KDOC&Signature=qajF0%2FFHmtKqvqoxxsaGcg8F6Zg%3D&Expires=1720242944
59618.jpg,5,https://final-datasets1.s3.amazonaws.com/eacb80174dd648ae823b6ddf76b5105f?response-content-type=image%2Fjpg&AWSAccessKeyId=AKIAZS6EJ2S5LXS2KDOC&Signature=DfdGcvtw54RxlDunNRWyW7wbY1U%3D&Expires=1720242944
59635.jpg,5,https://final-datasets1.s3.amazonaws.com/3a0ce1bfa84b4d8c83a1cfc91ac4b69e?response-content-type=image%2Fjpg&AWSAccessKeyId=AKIAZS6EJ2S5LXS2KDOC&Signature=mr8jtSHkTZSQt1paBUmZpbaxR1I%3D&Expires=1720242944
59654.jpg,5,https://final-datasets1.s3.amazonaws.com/30583a152dca48cb9e16cd32b99e527f?response-content-type=image%2Fjpg&AWSAccessKeyId=AKIAZS6EJ2S5LXS2KDOC&Signature=kwHXyv%2F1oa5JqjlpavYBlUAyqrE%3D&Expires=1720242944
59662.jpg,5,https://final-datasets1.s3.amazonaws.com/5b253a0005a84d5185fab2cd483477fa?response-content-type=image%2Fjpg&AWSAccessKeyId=AKIAZS6EJ2S5LXS2KDOC&Signature=hp1f%2FIBZxHMPWVnm6Voi%2F7%2FUYaw%3D&Expires=1720242944
59669.jpg,5,https://final-datasets1.s3.amazonaws.com/616beb9a9a6944198e18a379a935e3da?response-content-type=image%2Fjpg&AWSAccessKeyId=AKIAZS6EJ2S5LXS2KDOC&Signature=%2BpyQ4jU9N0%2BnuoAusc0yYmWbV70%3D&Expires=1720242944
59670.jpg,5,https://final-datasets1.s3.amazonaws.com/cc1cbe3bf8e94e8f97e487ecde658288?response-content-type=image%2Fjpg&AWSAccessKeyId=AKIAZS6EJ2S5LXS2KDOC&Signature=Pq9f7A2SZ2stWGUFBAqnffYAUNA%3D&Expires=1720242944
59676.jpg,5,https://final-datasets1.s3.amazonaws.com/c6c30671719c4de090d4daa28c6f0cfb?response-content-type=image%2Fjpg&AWSAccessKeyId=AKIAZS6EJ2S5LXS2KDOC&Signature=y%2Bgf7T5CZ3rojmo2JhUhti7brGc%3D&Expires=1720242944
59683.jpg,5,https://final-datasets1.s3.amazonaws.com/7f646aa4bd5641c99d1ce805476c5a71?response-content-type=image%2Fjpg&AWSAccessKeyId=AKIAZS6EJ2S5LXS2KDOC&Signature=dRuBbQ3JwVsrFSPc0MUkZMC5Lxs%3D&Expires=1720242944
115.jpg,4,https://final-datasets1.s3.amazonaws.com/ae8dffaf10f04d6baf9eee20bfa5fd05?response-content-type=image%2Fjpg&AWSAccessKeyId=AKIAZS6EJ2S5LXS2KDOC&Signature=CircgLZapL%2FxJ5LrVLLXUdDQo2E%3D&Expires=1720242944
127.jpg,4,https://final-datasets1.s3.amazonaws.com/d480bc0549294154829892ed7f93b80e?response-content-type=image%2Fjpg&AWSAccessKeyId=AKIAZS6EJ2S5LXS2KDOC&Signature=KEa8Yr4DLKNnl7eIdDeeE3rVv7U%3D&Expires=1720242944
131.jpg,4,https://final-datasets1.s3.amazonaws.com/b4c1b11b67c94858b16cfdae2e097bf3?response-content-type=image%2Fjpg&AWSAccessKeyId=AKIAZS6EJ2S5LXS2KDOC&Signature=YfWScZ27NabIei2xW5O0TqBD%2Br0%3D&Expires=1720242944
139.jpg,4,https://final-datasets1.s3.amazonaws.com/d867b9eaf8364d449c9388e4ae1fef3d?response-content-type=image%2Fjpg&AWSAccessKeyId=AKIAZS6EJ2S5LXS2KDOC&Signature=LD%2FaRE4CtYqyTpQlkkdPNNrqlCs%3D&Expires=1720242944
142.jpg,4,https://final-datasets1.s3.amazonaws.com/73a078422443497db0465a956ce3af15?response-content-type=image%2Fjpg&AWSAccessKeyId=AKIAZS6EJ2S5LXS2KDOC&Signature=gKO2%2BvrYXpnptMruwLkOKneYRBE%3D&Expires=1720242944
150.jpg,4,https://final-datasets1.s3.amazonaws.com/fcc18f2adf664a08a816334d992a6ee6?response-content-type=image%2Fjpg&AWSAccessKeyId=AKIAZS6EJ2S5LXS2KDOC&Signature=YfCqm7ANNk9mnNy%2FEZK%2B39MD8Lo%3D&Expires=1720242944
163.jpg,4,https://final-datasets1.s3.amazonaws.com/17099861770b4e2097f2e111a8568802?response-content-type=image%2Fjpg&AWSAccessKeyId=AKIAZS6EJ2S5LXS2KDOC&Signature=LA3rQ3Yw5z76N1PvkQg7SowvHgY%3D&Expires=1720242944
164.jpg,4,https://final-datasets1.s3.amazonaws.com/0ac4db6918964a75a36d9afe4c472b03?response-content-type=image%2Fjpg&AWSAccessKeyId=AKIAZS6EJ2S5LXS2KDOC&Signature=VfoyszMU44o68xdXA6YMBntnT2w%3D&Expires=1720242944
166.jpg,4,https://final-datasets1.s3.amazonaws.com/d3e7d3ee9f0844dca309d8a29bfc2dc1?response-content-type=image%2Fjpg&AWSAccessKeyId=AKIAZS6EJ2S5LXS2KDOC&Signature=WyirIUMPV6OVdM7Q4pj4n0duaI0%3D&Expires=1720242944
194.jpg,4,https://final-datasets1.s3.amazonaws.com/d628815f0dd74edab42e64def47e5e55?response-content-type=image%2Fjpg&AWSAccessKeyId=AKIAZS6EJ2S5LXS2KDOC&Signature=o8gG5UK%2BCOyuXsfDOZZvNg8085Y%3D&Expires=1720242944
2.jpg,4,https://final-datasets1.s3.amazonaws.com/144c89c42c304c208cda135b6a216d43?response-content-type=image%2Fjpg&AWSAccessKeyId=AKIAZS6EJ2S5LXS2KDOC&Signature=Un7hhp%2BN2AlkY05nIMSe7gg09pc%3D&Expires=1720242944
20.jpg,4,https://final-datasets1.s3.amazonaws.com/03d6e072ba0a4d078ef11e6fab129462?response-content-type=image%2Fjpg&AWSAccessKeyId=AKIAZS6EJ2S5LXS2KDOC&Signature=zGrpZHFdhX7TFccfT28tKqYEDyg%3D&Expires=1720242944
217.jpg,4,https://final-datasets1.s3.amazonaws.com/0bf1db02206346a39912111e294667a9?response-content-type=image%2Fjpg&AWSAccessKeyId=AKIAZS6EJ2S5LXS2KDOC&Signature=tGNCy%2BBydjRhnUmZMbxExkOT0qU%3D&Expires=1720242944
222.jpg,4,https://final-datasets1.s3.amazonaws.com/2c05877cea8945c2acbc9f4464f3d63b?response-content-type=image%2Fjpg&AWSAccessKeyId=AKIAZS6EJ2S5LXS2KDOC&Signature=QZYWw%2B82gdB3lyCU%2F68Je8b1p1k%3D&Expires=1720242944
237.jpg,4,https://final-datasets1.s3.amazonaws.com/abef25811c074a89885673b76500ecc5?response-content-type=image%2Fjpg&AWSAccessKeyId=AKIAZS6EJ2S5LXS2KDOC&Signature=0ipefwY9JZtqIuMKWWH6SDWP8x8%3D&Expires=1720242944
26.jpg,4,https://final-datasets1.s3.amazonaws.com/c6403e6099374f79b9849906beb6cf6c?response-content-type=image%2Fjpg&AWSAccessKeyId=AKIAZS6EJ2S5LXS2KDOC&Signature=hbBcAboaoARPuawBr2RTKsFF%2FSc%3D&Expires=1720242944
53.jpg,4,https://final-datasets1.s3.amazonaws.com/990e8380c80d4813a300b4cbf952ebc2?response-content-type=image%2Fjpg&AWSAccessKeyId=AKIAZS6EJ2S5LXS2KDOC&Signature=hI%2FwfTWwm8EIqMw0K4S0vy6Tt2M%3D&Expires=1720242944
58.jpg,4,https://final-datasets1.s3.amazonaws.com/29beac43c1394cbfa07296e1caf8ce53?response-content-type=image%2Fjpg&AWSAccessKeyId=AKIAZS6EJ2S5LXS2KDOC&Signature=vs1IB7uOKocOtzUwjDDj8HBuNv8%3D&Expires=1720242944
60.jpg,4,https://final-datasets1.s3.amazonaws.com/0615e00569094016b3ba9fb4fc6f1ef1?response-content-type=image%2Fjpg&AWSAccessKeyId=AKIAZS6EJ2S5LXS2KDOC&Signature=RkM817DD7yv7a050EYWiigdnXxg%3D&Expires=1720242944
61.jpg,4,https://final-datasets1.s3.amazonaws.com/5e244aa967c645f183264c55cce37717?response-content-type=image%2Fjpg&AWSAccessKeyId=AKIAZS6EJ2S5LXS2KDOC&Signature=RQ1xLiQmzhGgfyKWK87H%2BE1iuIc%3D&Expires=1720242944
64.jpg,4,https://final-datasets1.s3.amazonaws.com/f857c89556234b0d9b04f34c4700de35?response-content-type=image%2Fjpg&AWSAccessKeyId=AKIAZS6EJ2S5LXS2KDOC&Signature=ZvteGyVcS2Ozh8LPAbhIPJZ3DCc%3D&Expires=1720242945
89.jpg,4,https://final-datasets1.s3.amazonaws.com/21f1e81f0c6a448086b4a09fabcba029?response-content-type=image%2Fjpg&AWSAccessKeyId=AKIAZS6EJ2S5LXS2KDOC&Signature=m%2FMpxKonFf2ifZ%2BcwGgPLhsR8kk%3D&Expires=1720242945
9.jpg,4,https://final-datasets1.s3.amazonaws.com/dfb8c6e00668490a929e0732a45149d3?response-content-type=image%2Fjpg&AWSAccessKeyId=AKIAZS6EJ2S5LXS2KDOC&Signature=yAxwMSnV%2F2TM297f28a1bCjWUmw%3D&Expires=1720242945
92.jpg,4,https://final-datasets1.s3.amazonaws.com/dd5ad9bc34c8418cb0260e60986bedb6?response-content-type=image%2Fjpg&AWSAccessKeyId=AKIAZS6EJ2S5LXS2KDOC&Signature=jnZT91MS1xA%2Fm5ZPaYCsMqDvxrw%3D&Expires=1720242945
10.jpg,3,https://final-datasets1.s3.amazonaws.com/27a56bdb5f49428895fbb678e6660ddc?response-content-type=image%2Fjpg&AWSAccessKeyId=AKIAZS6EJ2S5LXS2KDOC&Signature=6FPJaOMoJVqivC8z06MUDTVoSbU%3D&Expires=1720242945
107.jpg,3,https://final-datasets1.s3.amazonaws.com/c5d26eafb5db43a0ae24d46629765461?response-content-type=image%2Fjpg&AWSAccessKeyId=AKIAZS6EJ2S5LXS2KDOC&Signature=juscWvv1Qwp71YSBEEeBgZJii%2BA%3D&Expires=1720242945
111.jpg,3,https://final-datasets1.s3.amazonaws.com/aae33dccfa9b49e5ae9a313590a34c4b?response-content-type=image%2Fjpg&AWSAccessKeyId=AKIAZS6EJ2S5LXS2KDOC&Signature=v9PQBCUt9k0Dl9vvdaZ%2BRQ6wrX8%3D&Expires=1720242945
12.jpg,3,https://final-datasets1.s3.amazonaws.com/0d143a98475f4d3884d5d77a70eae50e?response-content-type=image%2Fjpg&AWSAccessKeyId=AKIAZS6EJ2S5LXS2KDOC&Signature=%2FMa1qg5HK3XwLlTKvR6mOBL6fJI%3D&Expires=1720242945
130.jpg,3,https://final-datasets1.s3.amazonaws.com/4f11f6a7446e45578d3ca30c48eb7b0c?response-content-type=image%2Fjpg&AWSAccessKeyId=AKIAZS6EJ2S5LXS2KDOC&Signature=swfbo5pDP15gLeN2wa1LtEo6fZc%3D&Expires=1720242945
135.jpg,3,https://final-datasets1.s3.amazonaws.com/538785df39264a53aaa5780136bb4b63?response-content-type=image%2Fjpg&AWSAccessKeyId=AKIAZS6EJ2S5LXS2KDOC&Signature=yaTs2xrUAcxpQauCN4U%2F%2Bgb5aQ0%3D&Expires=1720242945
136.jpg,3,https://final-datasets1.s3.amazonaws.com/d8082ca48c7b4f96b0ecd54d0580ad16?response-content-type=image%2Fjpg&AWSAccessKeyId=AKIAZS6EJ2S5LXS2KDOC&Signature=fUklVOu0MJ1dKrpn72YmBRWXB6g%3D&Expires=1720242945
149.jpg,3,https://final-datasets1.s3.amazonaws.com/6f179cccdbca418dad0b02d0b8302a13?response-content-type=image%2Fjpg&AWSAccessKeyId=AKIAZS6EJ2S5LXS2KDOC&Signature=hFbguBgzu5pUm51Gnp8GvrQrrB8%3D&Expires=1720242945
157.jpg,3,https://final-datasets1.s3.amazonaws.com/689e8555046a4665b5e68966c575c70e?response-content-type=image%2Fjpg&AWSAccessKeyId=AKIAZS6EJ2S5LXS2KDOC&Signature=RQQZx8ZkmGqTuzRPqGm%2BaLg65%2Fs%3D&Expires=1720242945
179.jpg,3,https://final-datasets1.s3.amazonaws.com/b7817278f99d44119430580c7ca0baad?response-content-type=image%2Fjpg&AWSAccessKeyId=AKIAZS6EJ2S5LXS2KDOC&Signature=sx6zmxGq%2F7kZEG1iXTnKtCAsNBo%3D&Expires=1720242945
181.jpg,3,https://final-datasets1.s3.amazonaws.com/34543dc410d14e90b45524b83f22d7ca?response-content-type=image%2Fjpg&AWSAccessKeyId=AKIAZS6EJ2S5LXS2KDOC&Signature=uUJUeSZUHhiM%2B44rOokda2W8JIo%3D&Expires=1720242945
198.jpg,3,https://final-datasets1.s3.amazonaws.com/ef4d6c0e7b6444d78381bdea5e18742b?response-content-type=image%2Fjpg&AWSAccessKeyId=AKIAZS6EJ2S5LXS2KDOC&Signature=IeUcu78NSOQv92%2Fy69agNsE64IE%3D&Expires=1720242945
203.jpg,3,https://final-datasets1.s3.amazonaws.com/52d2ab119969479ebd1816b9a2371636?response-content-type=image%2Fjpg&AWSAccessKeyId=AKIAZS6EJ2S5LXS2KDOC&Signature=Yk4Vx6MgFuzIKRTWP7FSIJffBvc%3D&Expires=1720242945
207.jpg,3,https://final-datasets1.s3.amazonaws.com/2952e5d96eb440f19f23ba9a00d5800d?response-content-type=image%2Fjpg&AWSAccessKeyId=AKIAZS6EJ2S5LXS2KDOC&Signature=JsQXGHpyqn%2B2j%2FkapPCTJnTcC1w%3D&Expires=1720242945
215.jpg,3,https://final-datasets1.s3.amazonaws.com/b1497a7933aa4d118f8dffeca44dd36c?response-content-type=image%2Fjpg&AWSAccessKeyId=AKIAZS6EJ2S5LXS2KDOC&Signature=OvRr4%2BhAZi%2BfvCJULna9OKpGIIc%3D&Expires=1720242945
27.jpg,3,https://final-datasets1.s3.amazonaws.com/2625331d98a34fe2b34a5bbe6415272a?response-content-type=image%2Fjpg&AWSAccessKeyId=AKIAZS6EJ2S5LXS2KDOC&Signature=9yPeZdrFm7%2BqHeigczMd952%2Bf9E%3D&Expires=1720242945
30.jpg,3,https://final-datasets1.s3.amazonaws.com/5054164104284aaeab265d422e0a6f88?response-content-type=image%2Fjpg&AWSAccessKeyId=AKIAZS6EJ2S5LXS2KDOC&Signature=mW52SBCCm2SmJtLooeG485GopIY%3D&Expires=1720242945
44.jpg,3,https://final-datasets1.s3.amazonaws.com/9fc71858a4104765bad29044010342dc?response-content-type=image%2Fjpg&AWSAccessKeyId=AKIAZS6EJ2S5LXS2KDOC&Signature=%2BPyuu%2B%2FQ1AD%2FwL2d0OY%2BNW9eVuk%3D&Expires=1720242945
49.jpg,3,https://final-datasets1.s3.amazonaws.com/120f69a254b94eef871c9461d75a597a?response-content-type=image%2Fjpg&AWSAccessKeyId=AKIAZS6EJ2S5LXS2KDOC&Signature=9f3F1ugnV1wwwY%2FxEue2kloGIzY%3D&Expires=1720242945
50.jpg,3,https://final-datasets1.s3.amazonaws.com/8cb8557a14144c5cae885882f278fd60?response-content-type=image%2Fjpg&AWSAccessKeyId=AKIAZS6EJ2S5LXS2KDOC&Signature=WtZBl0jbQ5t61Hv2d%2BNMCDv06rU%3D&Expires=1720242945
7.jpg,3,https://final-datasets1.s3.amazonaws.com/7e76acdfca124828b6b41aed17e60b8f?response-content-type=image%2Fjpg&AWSAccessKeyId=AKIAZS6EJ2S5LXS2KDOC&Signature=cJjH%2BeLTu7rq8kJB7djGGORYZ5M%3D&Expires=1720242945
74.jpg,3,https://final-datasets1.s3.amazonaws.com/a96a477351e844c990515f4244a3f03c?response-content-type=image%2Fjpg&AWSAccessKeyId=AKIAZS6EJ2S5LXS2KDOC&Signature=AwIGyH3c88MqgpySdx6WO7aoHZw%3D&Expires=1720242945
86.jpg,3,https://final-datasets1.s3.amazonaws.com/cdd0374c4ebb427abf1992747c114679?response-content-type=image%2Fjpg&AWSAccessKeyId=AKIAZS6EJ2S5LXS2KDOC&Signature=AoO8j3xdcy%2BlU%2Boxj4yQcmFXVY8%3D&Expires=1720242945
98.jpg,3,https://final-datasets1.s3.amazonaws.com/e068a01e3e184c5d95a2f162b42e83bd?response-content-type=image%2Fjpg&AWSAccessKeyId=AKIAZS6EJ2S5LXS2KDOC&Signature=qA34rRE%2Bp%2B1GKO29j2CxX8LLutE%3D&Expires=1720242945
109.jpg,2,https://final-datasets1.s3.amazonaws.com/23eaedc88f774844be502595bf1d1ae8?response-content-type=image%2Fjpg&AWSAccessKeyId=AKIAZS6EJ2S5LXS2KDOC&Signature=XgdItYbvH9XnEQqtMwmYd19PV70%3D&Expires=1720242945
117.jpg,2,https://final-datasets1.s3.amazonaws.com/03bdb02e60b04daabbd96f498b87ab08?response-content-type=image%2Fjpg&AWSAccessKeyId=AKIAZS6EJ2S5LXS2KDOC&Signature=RjCkCE6DoCrXxVrYcQtm1Cjqttw%3D&Expires=1720242945
120.jpg,2,https://final-datasets1.s3.amazonaws.com/37718cd1d0284d52875d2c856b1aa889?response-content-type=image%2Fjpg&AWSAccessKeyId=AKIAZS6EJ2S5LXS2KDOC&Signature=DtDYiFIgedouIAzbZmHMxmFzlm0%3D&Expires=1720242945
122.jpg,2,https://final-datasets1.s3.amazonaws.com/f577d8c1e24d4b07a81b08515d36b498?response-content-type=image%2Fjpg&AWSAccessKeyId=AKIAZS6EJ2S5LXS2KDOC&Signature=oJYcB2rq2egeYu45SIOTFBpjFlw%3D&Expires=1720242945
143.jpg,2,https://final-datasets1.s3.amazonaws.com/4d75af709bd546b4b4396c15f6e88d97?response-content-type=image%2Fjpg&AWSAccessKeyId=AKIAZS6EJ2S5LXS2KDOC&Signature=7royZ26BTeQj%2Fvzno%2Bt%2FbKIxbHY%3D&Expires=1720242945
159.jpg,2,https://final-datasets1.s3.amazonaws.com/800964c40c964e68a3fa5d440f826b18?response-content-type=image%2Fjpg&AWSAccessKeyId=AKIAZS6EJ2S5LXS2KDOC&Signature=hvwoQHh2xXPILrNpwx%2BSG2y8%2BGU%3D&Expires=1720242945
16.jpg,2,https://final-datasets1.s3.amazonaws.com/ff7eeb9a9f7f4cad8b3c127a9e0f305b?response-content-type=image%2Fjpg&AWSAccessKeyId=AKIAZS6EJ2S5LXS2KDOC&Signature=xbolE1yI0IgN6mvProVwPWx1pTU%3D&Expires=1720242945
161.jpg,2,https://final-datasets1.s3.amazonaws.com/2d9d0f466f0c41ffb509398ac48c8743?response-content-type=image%2Fjpg&AWSAccessKeyId=AKIAZS6EJ2S5LXS2KDOC&Signature=pmzXrc6K4Z9ce6UhKZLl24HhDSU%3D&Expires=1720242945
171.jpg,2,https://final-datasets1.s3.amazonaws.com/23172f1470d542d790026cc35e7c9e59?response-content-type=image%2Fjpg&AWSAccessKeyId=AKIAZS6EJ2S5LXS2KDOC&Signature=oU1WmEPehY3WC4YsEhfZNyhKiLM%3D&Expires=1720242945
178.jpg,2,https://final-datasets1.s3.amazonaws.com/e0c44ad638e54169a8001437250faaa0?response-content-type=image%2Fjpg&AWSAccessKeyId=AKIAZS6EJ2S5LXS2KDOC&Signature=Np2Jf11T9rVuV9GPpB8I25%2BxIZk%3D&Expires=1720242945
180.jpg,2,https://final-datasets1.s3.amazonaws.com/62e4d3d1aa644b0e96d54bb9a0431d08?response-content-type=image%2Fjpg&AWSAccessKeyId=AKIAZS6EJ2S5LXS2KDOC&Signature=37FaRj2d%2F0RuWL4m1D2Ayu0LNjs%3D&Expires=1720242945
187.jpg,2,https://final-datasets1.s3.amazonaws.com/84a7aef04f294d66a92704b5aab98df7?response-content-type=image%2Fjpg&AWSAccessKeyId=AKIAZS6EJ2S5LXS2KDOC&Signature=3GzVsgvMjnFwlBtezAvnJ2srKb8%3D&Expires=1720242945
189.jpg,2,https://final-datasets1.s3.amazonaws.com/ceac1c4c32f34dbfa51d49827b814f5b?response-content-type=image%2Fjpg&AWSAccessKeyId=AKIAZS6EJ2S5LXS2KDOC&Signature=JfUnU0bOzqO1IObKtDqMtOA%2Fp3Y%3D&Expires=1720242945
190.jpg,2,https://final-datasets1.s3.amazonaws.com/9f1155ba78fc4e6f832d382742755cf9?response-content-type=image%2Fjpg&AWSAccessKeyId=AKIAZS6EJ2S5LXS2KDOC&Signature=HLNculL2%2FwglviqxXrBIAK%2BSsyw%3D&Expires=1720242945
199.jpg,2,https://final-datasets1.s3.amazonaws.com/265ced22360a4b9a85ee6dcd4586431c?response-content-type=image%2Fjpg&AWSAccessKeyId=AKIAZS6EJ2S5LXS2KDOC&Signature=anS1xQL1mZT8Vc%2BZnUDMHM6%2FUA4%3D&Expires=1720242945
213.jpg,2,https://final-datasets1.s3.amazonaws.com/2ae76d94c9ad4fe5a4b871e4aba19444?response-content-type=image%2Fjpg&AWSAccessKeyId=AKIAZS6EJ2S5LXS2KDOC&Signature=1fhU8%2B5%2BSTOY%2BMnI%2FUybu6a%2F2qs%3D&Expires=1720242945
220.jpg,2,https://final-datasets1.s3.amazonaws.com/e99591c82e2d4d8a8d6d31f66e9080c8?response-content-type=image%2Fjpg&AWSAccessKeyId=AKIAZS6EJ2S5LXS2KDOC&Signature=Q7T%2FOic2oW0%2B0SRdfJsGlVJ7O8U%3D&Expires=1720242945
233.jpg,2,https://final-datasets1.s3.amazonaws.com/50712d605dba4269bb634833dae45231?response-content-type=image%2Fjpg&AWSAccessKeyId=AKIAZS6EJ2S5LXS2KDOC&Signature=e5mqCOgsSxnpLyL5R749aC7BQLw%3D&Expires=1720242945
25.jpg,2,https://final-datasets1.s3.amazonaws.com/2fb2355b82fa497ebf77314590efac40?response-content-type=image%2Fjpg&AWSAccessKeyId=AKIAZS6EJ2S5LXS2KDOC&Signature=4FEsuWTU2T6lr%2BcqxcCAPt4ATig%3D&Expires=1720242945
252.jpg,2,https://final-datasets1.s3.amazonaws.com/01c4f8aaeeba4402aef1c706e6b4611d?response-content-type=image%2Fjpg&AWSAccessKeyId=AKIAZS6EJ2S5LXS2KDOC&Signature=Sg1EAfTSuA31TuHnmU4%2Bo6IdcU0%3D&Expires=1720242945
28.jpg,2,https://final-datasets1.s3.amazonaws.com/b2dfff3542704b409556b1585843a240?response-content-type=image%2Fjpg&AWSAccessKeyId=AKIAZS6EJ2S5LXS2KDOC&Signature=8ijPgVKG36zwrIg%2Fs3yWkCB8xBo%3D&Expires=1720242945
5.jpg,2,https://final-datasets1.s3.amazonaws.com/cb742617d00c443195eae8f9a9055d03?response-content-type=image%2Fjpg&AWSAccessKeyId=AKIAZS6EJ2S5LXS2KDOC&Signature=hMwdBZnA2noFo2RMyHTzOphiQME%3D&Expires=1720242945
76.jpg,2,https://final-datasets1.s3.amazonaws.com/7a6e2491510949b88bf2c867a8deebcf?response-content-type=image%2Fjpg&AWSAccessKeyId=AKIAZS6EJ2S5LXS2KDOC&Signature=QM0h9uS6O0xsrALpfISyZ5XT7ek%3D&Expires=1720242945
82.jpg,2,https://final-datasets1.s3.amazonaws.com/22ce7838f16e475c9f5503985007f74c?response-content-type=image%2Fjpg&AWSAccessKeyId=AKIAZS6EJ2S5LXS2KDOC&Signature=mPpEMCxnnQrOmvBA3n%2F22fL6HQ8%3D&Expires=1720242945
102.jpg,1,https://final-datasets1.s3.amazonaws.com/e1e7c848de834cedaa500960b0ca8e9c?response-content-type=image%2Fjpg&AWSAccessKeyId=AKIAZS6EJ2S5LXS2KDOC&Signature=4zrj6p1M%2FFG7%2FsEouwmOZfTbZYM%3D&Expires=1720242945
104.jpg,1,https://final-datasets1.s3.amazonaws.com/148b617fb34b4982afcd68f48c978088?response-content-type=image%2Fjpg&AWSAccessKeyId=AKIAZS6EJ2S5LXS2KDOC&Signature=wcishw8YzbHF2ZdYtPmMGLUXQnE%3D&Expires=1720242945
105.jpg,1,https://final-datasets1.s3.amazonaws.com/d8e4aea11cd0465e9f071ccdcc447876?response-content-type=image%2Fjpg&AWSAccessKeyId=AKIAZS6EJ2S5LXS2KDOC&Signature=G9VF6mJ8rAVTUhhN%2F%2BSslJdkXP4%3D&Expires=1720242945
112.jpg,1,https://final-datasets1.s3.amazonaws.com/d7d2aa793f2740f68be551d6e505f991?response-content-type=image%2Fjpg&AWSAccessKeyId=AKIAZS6EJ2S5LXS2KDOC&Signature=18DM91G9rSELf0ElQfUFuQsB0EU%3D&Expires=1720242945
113.jpg,1,https://final-datasets1.s3.amazonaws.com/af13ed049b5d45e2a5c0df42982425f1?response-content-type=image%2Fjpg&AWSAccessKeyId=AKIAZS6EJ2S5LXS2KDOC&Signature=DNwb3sBH3uq7dj%2BD3GkIzsTbBNA%3D&Expires=1720242945
124.jpg,1,https://final-datasets1.s3.amazonaws.com/70236e95601e4e309cc3e1f97c96a8e4?response-content-type=image%2Fjpg&AWSAccessKeyId=AKIAZS6EJ2S5LXS2KDOC&Signature=wEu7tMksHbCLPN9lqaH%2FJuTGjQg%3D&Expires=1720242945
128.jpg,1,https://final-datasets1.s3.amazonaws.com/62d7177b5fd74e00a981e814cc77d6f2?response-content-type=image%2Fjpg&AWSAccessKeyId=AKIAZS6EJ2S5LXS2KDOC&Signature=VkIGibb12nSCWvx1T6uEOU4ljtQ%3D&Expires=1720242945
134.jpg,1,https://final-datasets1.s3.amazonaws.com/b7bf6ec6456a4478b0c5619e9e4eaf85?response-content-type=image%2Fjpg&AWSAccessKeyId=AKIAZS6EJ2S5LXS2KDOC&Signature=dp6Y7mskmXTCMnzY0pUNQ8JVe2Q%3D&Expires=1720242945
14.jpg,1,https://final-datasets1.s3.amazonaws.com/b5456143ff3b4cd39131292cf5f1f89b?response-content-type=image%2Fjpg&AWSAccessKeyId=AKIAZS6EJ2S5LXS2KDOC&Signature=KUOvB1LzW%2Fv7t1yF6AinKsPVhWA%3D&Expires=1720242945
152.jpg,1,https://final-datasets1.s3.amazonaws.com/bb2eb0f3844547118314b08762d40245?response-content-type=image%2Fjpg&AWSAccessKeyId=AKIAZS6EJ2S5LXS2KDOC&Signature=HDSAy7iYWu6YHXS%2BAKwXKbUS60s%3D&Expires=1720242945
174.jpg,1,https://final-datasets1.s3.amazonaws.com/2e983a58058e49f2969b83545ec032b6?response-content-type=image%2Fjpg&AWSAccessKeyId=AKIAZS6EJ2S5LXS2KDOC&Signature=YkllArsq7XaVj57x0Au%2F%2FtmAwGU%3D&Expires=1720242945
23.jpg,1,https://final-datasets1.s3.amazonaws.com/616ca27488d24ebf8b640613f2dbe51c?response-content-type=image%2Fjpg&AWSAccessKeyId=AKIAZS6EJ2S5LXS2KDOC&Signature=7kMCW%2FSzg19georFWH54vZZPL5k%3D&Expires=1720242945
24.jpg,1,https://final-datasets1.s3.amazonaws.com/202151250aa7442d9ec73e061c6c7a43?response-content-type=image%2Fjpg&AWSAccessKeyId=AKIAZS6EJ2S5LXS2KDOC&Signature=uOot6GlZvZBf%2Bu9xtm0SYgZ%2Bsmc%3D&Expires=1720242945
3.jpg,1,https://final-datasets1.s3.amazonaws.com/1fc93a54e4d6466d9dc9ff7df295b178?response-content-type=image%2Fjpg&AWSAccessKeyId=AKIAZS6EJ2S5LXS2KDOC&Signature=nVwHtvoARpQOKl%2FA4pORhzYYcJo%3D&Expires=1720242945
40.jpg,1,https://final-datasets1.s3.amazonaws.com/7b989433e15945feba90bd03e904835a?response-content-type=image%2Fjpg&AWSAccessKeyId=AKIAZS6EJ2S5LXS2KDOC&Signature=W1Q4wSX9LvElEqdEWyULVn5sU8Q%3D&Expires=1720242945
59.jpg,1,https://final-datasets1.s3.amazonaws.com/70e5029a463e4716a89a9fd36ce830e5?response-content-type=image%2Fjpg&AWSAccessKeyId=AKIAZS6EJ2S5LXS2KDOC&Signature=Q2kG6wkUu1Hs%2BLgR7LCIqIiRTKk%3D&Expires=1720242945
6.jpg,1,https://final-datasets1.s3.amazonaws.com/36eb113d8ab34cafaab3a3fd1150e420?response-content-type=image%2Fjpg&AWSAccessKeyId=AKIAZS6EJ2S5LXS2KDOC&Signature=Ug8MCLe5zNV83Yb%2F%2Fz345tartgc%3D&Expires=1720242945
67.jpg,1,https://final-datasets1.s3.amazonaws.com/72a33f64e40342fe84ae0818c78383d4?response-content-type=image%2Fjpg&AWSAccessKeyId=AKIAZS6EJ2S5LXS2KDOC&Signature=oe5OmAMORDIOxn3zzZTtOvPd0Ug%3D&Expires=1720242945
70.jpg,1,https://final-datasets1.s3.amazonaws.com/6f919b460885422489c32fe59bbcf0fa?response-content-type=image%2Fjpg&AWSAccessKeyId=AKIAZS6EJ2S5LXS2KDOC&Signature=HZIekdZFxoxe40CzQyRg8Onvn3M%3D&Expires=1720242945
72.jpg,1,https://final-datasets1.s3.amazonaws.com/88a6cdcd96c0416387ccf2b92b690d7b?response-content-type=image%2Fjpg&AWSAccessKeyId=AKIAZS6EJ2S5LXS2KDOC&Signature=wtolZPYfUWM5i2wQFoxo%2Bs31Ees%3D&Expires=1720242945
77.jpg,1,https://final-datasets1.s3.amazonaws.com/f2bd14d0ea594a71b1f3ad672a273d24?response-content-type=image%2Fjpg&AWSAccessKeyId=AKIAZS6EJ2S5LXS2KDOC&Signature=2zg6OlhNh12B%2FRrD9%2B6nSxvEJOA%3D&Expires=1720242945
78.jpg,1,https://final-datasets1.s3.amazonaws.com/e944ff47a2d743e1b62c43f741a6ff87?response-content-type=image%2Fjpg&AWSAccessKeyId=AKIAZS6EJ2S5LXS2KDOC&Signature=vbPXy2ridk2NBh2KBLExKIA%2BqRs%3D&Expires=1720242945
8.jpg,1,https://final-datasets1.s3.amazonaws.com/fbbe567c151d43c6a58430e12ff10791?response-content-type=image%2Fjpg&AWSAccessKeyId=AKIAZS6EJ2S5LXS2KDOC&Signature=S3VeVcidJ4oH1dN1zkplwuXNkIA%3D&Expires=1720242945
99.jpg,1,https://final-datasets1.s3.amazonaws.com/3e531e3550b645fbba762db6f5c31f0c?response-content-type=image%2Fjpg&AWSAccessKeyId=AKIAZS6EJ2S5LXS2KDOC&Signature=fUpMbCt6e4vc%2Bn7PaoiXShyHKGQ%3D&Expires=1720242945
1.jpg,0,https://final-datasets1.s3.amazonaws.com/fba5171c890c40eb984915d45a5863b1?response-content-type=image%2Fjpg&AWSAccessKeyId=AKIAZS6EJ2S5LXS2KDOC&Signature=Qs95mDWkhyEEO1Mk0sN0zGJxTdA%3D&Expires=1720242945
108.jpg,0,https://final-datasets1.s3.amazonaws.com/69d60affd82b45828d6e48823011b5f9?response-content-type=image%2Fjpg&AWSAccessKeyId=AKIAZS6EJ2S5LXS2KDOC&Signature=H9fOFomYzYlPhOmYD8cCwD%2FpL90%3D&Expires=1720242945
114.jpg,0,https://final-datasets1.s3.amazonaws.com/e6623e591b1042a5aa53c1142c4bb4be?response-content-type=image%2Fjpg&AWSAccessKeyId=AKIAZS6EJ2S5LXS2KDOC&Signature=A%2BI6y8kIP33s4BFl1Z7c%2BCtZXG4%3D&Expires=1720242945
118.jpg,0,https://final-datasets1.s3.amazonaws.com/d66479b45c2041f49ff454d34ae87693?response-content-type=image%2Fjpg&AWSAccessKeyId=AKIAZS6EJ2S5LXS2KDOC&Signature=k5ME%2FM%2Bb5BXRhk87fNtGnXSeA9c%3D&Expires=1720242945
119.jpg,0,https://final-datasets1.s3.amazonaws.com/0f0556b86f124fc2855e70629675954d?response-content-type=image%2Fjpg&AWSAccessKeyId=AKIAZS6EJ2S5LXS2KDOC&Signature=bIGzdQ2c6M1kN71pK1GqoG5A5BA%3D&Expires=1720242945
121.jpg,0,https://final-datasets1.s3.amazonaws.com/720fdaea5d4249cc889834324092ea4c?response-content-type=image%2Fjpg&AWSAccessKeyId=AKIAZS6EJ2S5LXS2KDOC&Signature=wJP5bRdE7ZjnDRfjo%2B9mdC5ecSo%3D&Expires=1720242945
156.jpg,0,https://final-datasets1.s3.amazonaws.com/9911870440e7453cae4120e95571e13c?response-content-type=image%2Fjpg&AWSAccessKeyId=AKIAZS6EJ2S5LXS2KDOC&Signature=J7NO5T%2F0LAGJJ8r01v46E7FB3iE%3D&Expires=1720242945
169.jpg,0,https://final-datasets1.s3.amazonaws.com/e8e994301d7e416cbb0b800af974da0d?response-content-type=image%2Fjpg&AWSAccessKeyId=AKIAZS6EJ2S5LXS2KDOC&Signature=lQWXZCT%2FXgH15aY%2F1LXrDKNVPyU%3D&Expires=1720242945
192.jpg,0,https://final-datasets1.s3.amazonaws.com/88fc994f241f4047bbebadeb5733eacb?response-content-type=image%2Fjpg&AWSAccessKeyId=AKIAZS6EJ2S5LXS2KDOC&Signature=2W%2BUHT15obFiABupp%2Fmk0PNGJ%2Bs%3D&Expires=1720242945
206.jpg,0,https://final-datasets1.s3.amazonaws.com/9b24daf3141c4e65900d435c14cbe3b1?response-content-type=image%2Fjpg&AWSAccessKeyId=AKIAZS6EJ2S5LXS2KDOC&Signature=b5xLGr6EVKfebocQnrIq7VoKQ10%3D&Expires=1720242945
209.jpg,0,https://final-datasets1.s3.amazonaws.com/60cce9646ae3448d8eefb9238634fe49?response-content-type=image%2Fjpg&AWSAccessKeyId=AKIAZS6EJ2S5LXS2KDOC&Signature=Z6WC2eRf6dwR%2BAPJku07jUCL0QU%3D&Expires=1720242945
21.jpg,0,https://final-datasets1.s3.amazonaws.com/227722479a2b481a90f9f23563ae4aa1?response-content-type=image%2Fjpg&AWSAccessKeyId=AKIAZS6EJ2S5LXS2KDOC&Signature=%2FgukH%2F%2B5Oz89ucNBM%2FQzyiiJTIg%3D&Expires=1720242945
210.jpg,0,https://final-datasets1.s3.amazonaws.com/895d4481b5c24a1eb367e6d2669444ef?response-content-type=image%2Fjpg&AWSAccessKeyId=AKIAZS6EJ2S5LXS2KDOC&Signature=CTTtQ2kzlA6iuLAy%2FfpTZglJzYw%3D&Expires=1720242945
34.jpg,0,https://final-datasets1.s3.amazonaws.com/d4349718ff734a7882dfe80651b07b6b?response-content-type=image%2Fjpg&AWSAccessKeyId=AKIAZS6EJ2S5LXS2KDOC&Signature=Fz0uovrFAPptXx%2BtS8pGLGAW%2BMU%3D&Expires=1720242945
37.jpg,0,https://final-datasets1.s3.amazonaws.com/58bafb35aebb40b69ed41fc0a2121a46?response-content-type=image%2Fjpg&AWSAccessKeyId=AKIAZS6EJ2S5LXS2KDOC&Signature=g1l5SZmoRN6ctdAKYm7eqJotwyE%3D&Expires=1720242945
51.jpg,0,https://final-datasets1.s3.amazonaws.com/c91f23cd89eb4874823f0ca75783b216?response-content-type=image%2Fjpg&AWSAccessKeyId=AKIAZS6EJ2S5LXS2KDOC&Signature=ZjNc5pKo%2Bq72zsazl4VoITJjd3g%3D&Expires=1720242945
56.jpg,0,https://final-datasets1.s3.amazonaws.com/00349b8c4601409f85d1fe4d56e0efa3?response-content-type=image%2Fjpg&AWSAccessKeyId=AKIAZS6EJ2S5LXS2KDOC&Signature=UVvH8CKImvVxnTpCJayG7fvyXBk%3D&Expires=1720242945
63.jpg,0,https://final-datasets1.s3.amazonaws.com/44b21d317a6b464e80100b4b24894ba8?response-content-type=image%2Fjpg&AWSAccessKeyId=AKIAZS6EJ2S5LXS2KDOC&Signature=D928Tya6iUDcdlW%2B9ufq5koQpS8%3D&Expires=1720242945
68.jpg,0,https://final-datasets1.s3.amazonaws.com/f99177fbecab4c75bb94995f78784c7e?response-content-type=image%2Fjpg&AWSAccessKeyId=AKIAZS6EJ2S5LXS2KDOC&Signature=jiGtNTTLEEZiNNHqo9enz8wpGUQ%3D&Expires=1720242945
69.jpg,0,https://final-datasets1.s3.amazonaws.com/32d701e407694f3b90ddf66627062daf?response-content-type=image%2Fjpg&AWSAccessKeyId=AKIAZS6EJ2S5LXS2KDOC&Signature=T03QF%2FzL3pBzfmt9YaION8%2FeG%2BY%3D&Expires=1720242945
75.jpg,0,https://final-datasets1.s3.amazonaws.com/ca797f3ab8c743c29480e776a634400f?response-content-type=image%2Fjpg&AWSAccessKeyId=AKIAZS6EJ2S5LXS2KDOC&Signature=Fx0u%2FW3q038vtl4D1jXHKtn%2FOEg%3D&Expires=1720242945
81.jpg,0,https://final-datasets1.s3.amazonaws.com/799fed12a41c481f8d4ba8e453f74899?response-content-type=image%2Fjpg&AWSAccessKeyId=AKIAZS6EJ2S5LXS2KDOC&Signature=XGOpWHyaoWmCEVf9Qz8PJ017iTI%3D&Expires=1720242945
88.jpg,0,https://final-datasets1.s3.amazonaws.com/c51633dd962249f3b64db7ab877cb3d0?response-content-type=image%2Fjpg&AWSAccessKeyId=AKIAZS6EJ2S5LXS2KDOC&Signature=E9ZQ8Y5oWFRqNjKHQWzIjbZchjE%3D&Expires=1720242945
95.jpg,0,https://final-datasets1.s3.amazonaws.com/47f3e864be5a4809b15ab231d0755697?response-content-type=image%2Fjpg&AWSAccessKeyId=AKIAZS6EJ2S5LXS2KDOC&Signature=yEGh4NBf%2BGeHecFVxiUeJdXG%2Bk8%3D&Expires=1720242945
